{"cameraMode":{"drawMode":0,"name":"Shaded","section":"Shading Mode"},"sceneLighting":true,"audioPlay":false,"sceneViewState":{"m_AlwaysRefresh":false,"showFog":true,"showSkybox":true,"showFlares":true,"showImageEffects":true,"showParticleSystems":true,"showVisualEffectGraphs":true,"m_FxEnabled":true},"in2DMode":false,"pivot":{"x":138.27813720703126,"y":266.0626525878906,"z":-169.39073181152345},"rotation":{"x":0.007855972275137902,"y":0.9726639986038208,"z":0.03326883539557457,"w":-0.22969266772270204},"size":174.0189208984375,"orthographic":false}