{"cameraMode":{"drawMode":0,"name":"Shaded","section":"Shading Mode"},"sceneLighting":true,"audioPlay":false,"sceneViewState":{"m_AlwaysRefresh":false,"showFog":true,"showSkybox":true,"showFlares":true,"showImageEffects":true,"showParticleSystems":true,"showVisualEffectGraphs":true,"m_FxEnabled":true},"in2DMode":false,"pivot":{"x":39.91572189331055,"y":8.265751838684082,"z":17.51769256591797},"rotation":{"x":0.10219574719667435,"y":-0.7452477216720581,"z":0.12105214595794678,"w":0.6483139991760254},"size":0.18608129024505616,"orthographic":false}