{"cameraMode":{"drawMode":0,"name":"Shaded","section":"Shading Mode"},"sceneLighting":true,"audioPlay":false,"sceneViewState":{"m_AlwaysRefresh":false,"showFog":true,"showSkybox":true,"showFlares":true,"showImageEffects":true,"showParticleSystems":true,"showVisualEffectGraphs":true,"m_FxEnabled":true},"in2DMode":false,"pivot":{"x":63.16105651855469,"y":-13.292362213134766,"z":22.188791275024415},"rotation":{"x":0.11348685622215271,"y":0.7000160217285156,"z":-0.11221528798341751,"w":0.6966568827629089},"size":25.46548080444336,"orthographic":false}