{"cameraMode":{"drawMode":0,"name":"Shaded","section":"Shading Mode"},"sceneLighting":false,"audioPlay":false,"sceneViewState":{"m_AlwaysRefresh":false,"showFog":true,"showSkybox":false,"showFlares":true,"showImageEffects":true,"showParticleSystems":true,"showVisualEffectGraphs":true,"m_FxEnabled":true},"in2DMode":false,"pivot":{"x":0.28219032287597659,"y":5.677312850952148,"z":0.020811080932617189},"rotation":{"x":-0.25280120968818667,"y":-0.08203510195016861,"z":0.01908952370285988,"w":-0.9642354846000671},"size":16.431020736694337,"orthographic":false}